Growth Rate (%),CAGR (%)
13.88888888888889,3.3047614055361274
36.898395721925134,8.168196740234567
9.090909090909092,2.1991162258356844
-14.084507042253522,-3.7240369496076897
