Growth Rate (%),CAGR (%)
12.625410220346929,3.0170461460872766
11.784897025171624,2.823082965038215
13.869463869463871,3.2991284815072297
